academic_year,semester,school,jae_course_code,course_name,gender,intake
2013,S1,School Of Business Management,C98,Diploma In Accountancy & Finance,Female,78
2013,S1,School Of Business Management,C98,Diploma In Accountancy & Finance,Male,78
2013,S1,School Of Business Management,C96,Diploma In Banking & Financial Services,Female,67
2013,S1,School Of Business Management,C96,Diploma In Banking & Financial Services,Male,70
2013,S1,School Of Business Management,C94,Diploma In Business Management,Female,299
2013,S1,School Of Business Management,C94,Diploma In Business Management,Male,139
2013,S1,School Of Business Management,C46,Diploma In Food & Beverage Business,Female,37
2013,S1,School Of Business Management,C46,Diploma In Food & Beverage Business,Male,17
2013,S1,School Of Business Management,C56,Diploma In Fund Management & Administration,Female,34
2013,S1,School Of Business Management,C56,Diploma In Fund Management & Administration,Male,32
2013,S1,School Of Business Management,C67,Diploma In Hospitality & Tourism Management,Female,128
2013,S1,School Of Business Management,C67,Diploma In Hospitality & Tourism Management,Male,49
2013,S1,School Of Business Management,C99,Diploma In Marketing,Female,49
2013,S1,School Of Business Management,C99,Diploma In Marketing,Male,32
2013,S1,School Of Business Management,C93,Diploma In Mass Media Management,Female,38
2013,S1,School Of Business Management,C93,Diploma In Mass Media Management,Male,19
2013,S1,School Of Business Management,C81,Diploma In Sport & Wellness Management,Female,22
2013,S1,School Of Business Management,C81,Diploma In Sport & Wellness Management,Male,43
2013,S1,School Of Chemical & Life Sciences,C49,Diploma In Biologics & Process Technology,Female,34
2013,S1,School Of Chemical & Life Sciences,C49,Diploma In Biologics & Process Technology,Male,18
2013,S1,School Of Chemical & Life Sciences,C55,Diploma In Chemical & Green Technology,Female,20
2013,S1,School Of Chemical & Life Sciences,C55,Diploma In Chemical & Green Technology,Male,26
2013,S1,School Of Chemical & Life Sciences,C73,Diploma In Chemical & Pharmaceutical Technology,Female,84
2013,S1,School Of Chemical & Life Sciences,C73,Diploma In Chemical & Pharmaceutical Technology,Male,66
2013,S1,School Of Chemical & Life Sciences,C69,Diploma In Food Science & Nutrition,Female,81
2013,S1,School Of Chemical & Life Sciences,C69,Diploma In Food Science & Nutrition,Male,12
2013,S1,School Of Chemical & Life Sciences,C45,Diploma In Medicinal Chemistry,Female,38
2013,S1,School Of Chemical & Life Sciences,C45,Diploma In Medicinal Chemistry,Male,20
2013,S1,School Of Chemical & Life Sciences,C74,Diploma In Molecular Biotechnology,Female,42
2013,S1,School Of Chemical & Life Sciences,C74,Diploma In Molecular Biotechnology,Male,30
2013,S1,School Of Chemical & Life Sciences,C65,Diploma In Pharmaceutical Sciences,Female,64
2013,S1,School Of Chemical & Life Sciences,C65,Diploma In Pharmaceutical Sciences,Male,22
2013,S1,School Of Design,C83,Diploma In Industrial Design,Female,35
2013,S1,School Of Design,C83,Diploma In Industrial Design,Male,27
2013,S1,School Of Design,C64,Diploma In Space & Interior Design,Female,55
2013,S1,School Of Design,C64,Diploma In Space & Interior Design,Male,20
2013,S1,School Of Design,C63,Diploma In Visual Communication,Female,52
2013,S1,School Of Design,C63,Diploma In Visual Communication,Male,17
2013,S1,School Of Engineering,C42,Common Engineering Programme,Female,67
2013,S1,School Of Engineering,C42,Common Engineering Programme,Male,219
2013,S1,School Of Engineering,C51,Diploma In Aeronautical & Aerospace Technology,Female,2
2013,S1,School Of Engineering,C51,Diploma In Aeronautical & Aerospace Technology,Male,55
2013,S1,School Of Engineering,C52,Diploma In Aerospace Systems & Management,Female,9
2013,S1,School Of Engineering,C52,Diploma In Aerospace Systems & Management,Male,36
2013,S1,School Of Engineering,C71,Diploma In Biomedical Engineering,Female,20
2013,S1,School Of Engineering,C71,Diploma In Biomedical Engineering,Male,30
2013,S1,School Of Engineering,C62,Diploma In Digital & Precision Engineering,Female,33
2013,S1,School Of Engineering,C62,Diploma In Digital & Precision Engineering,Male,98
2013,S1,School Of Engineering,C48,Diploma In Electrical Engineering With Eco-Design,Female,14
2013,S1,School Of Engineering,C48,Diploma In Electrical Engineering With Eco-Design,Male,30
2013,S1,School Of Engineering,C89,"Diploma In Electronics, Computer & Communications Engineering",Female,86
2013,S1,School Of Engineering,C89,"Diploma In Electronics, Computer & Communications Engineering",Male,271
2013,S1,School Of Engineering,C88,Diploma In Manufacturing Engineering,Female,16
2013,S1,School Of Engineering,C88,Diploma In Manufacturing Engineering,Male,98
2013,S1,School Of Engineering,C87,Diploma In Mechatronics Engineering,Female,25
2013,S1,School Of Engineering,C87,Diploma In Mechatronics Engineering,Male,159
2013,S1,School Of Engineering,C75,Diploma In Multimedia & Infocomm Technology,Female,81
2013,S1,School Of Engineering,C75,Diploma In Multimedia & Infocomm Technology,Male,121
2013,S1,School Of Engineering,C50,Diploma In Nanotechnology & Materials Science,Female,3
2013,S1,School Of Engineering,C50,Diploma In Nanotechnology & Materials Science,Male,20
2013,S1,School Of Engineering,C53,Diploma In Telematics & Media Technology,Female,11
2013,S1,School Of Engineering,C53,Diploma In Telematics & Media Technology,Male,9
2013,S1,School Of Health Sciences,C72,Diploma In Dental Hygiene & Therapy,Female,20
2013,S1,School Of Health Sciences,C72,Diploma In Dental Hygiene & Therapy,Male,6
2013,S1,School Of Health Sciences,na,Diploma In Diagnostic Radiography,Female,31
2013,S1,School Of Health Sciences,na,Diploma In Diagnostic Radiography,Male,6
2013,S1,School Of Health Sciences,C97,Diploma In Nursing,Female,558
2013,S1,School Of Health Sciences,C97,Diploma In Nursing,Male,102
2013,S1,School Of Health Sciences,na,Diploma In Occupational Therapy,Female,73
2013,S1,School Of Health Sciences,na,Diploma In Occupational Therapy,Male,9
2013,S1,School Of Health Sciences,na,Diploma In Physiotherapy,Female,70
2013,S1,School Of Health Sciences,na,Diploma In Physiotherapy,Male,26
2013,S1,School Of Health Sciences,na,Diploma In Radiation Therapy,Female,6
2013,S1,School Of Health Sciences,na,Diploma In Radiation Therapy,Male,1
2013,S1,School Of Health Sciences,C47,Diploma In Social Sciences (Social Work),Female,41
2013,S1,School Of Health Sciences,C47,Diploma In Social Sciences (Social Work),Male,11
2013,S1,School Of Information Technology,C68,Diploma In Business Enterprise It,Female,36
2013,S1,School Of Information Technology,C68,Diploma In Business Enterprise It,Male,24
2013,S1,School Of Information Technology,C78,Diploma In Business Informatics,Female,82
2013,S1,School Of Information Technology,C78,Diploma In Business Informatics,Male,78
2013,S1,School Of Information Technology,C43,Diploma In Business Intelligence & Analytics,Female,35
2013,S1,School Of Information Technology,C43,Diploma In Business Intelligence & Analytics,Male,28
2013,S1,School Of Information Technology,C80,Diploma In Engineering Informatics,Female,52
2013,S1,School Of Information Technology,C80,Diploma In Engineering Informatics,Male,108
2013,S1,School Of Information Technology,C58,Diploma In Financial Informatics,Female,39
2013,S1,School Of Information Technology,C58,Diploma In Financial Informatics,Male,36
2013,S1,School Of Information Technology,C54,Diploma In Information Security,Female,21
2013,S1,School Of Information Technology,C54,Diploma In Information Security,Male,48
2013,S1,School Of Information Technology,C85,Diploma In Information Technology,Female,40
2013,S1,School Of Information Technology,C85,Diploma In Information Technology,Male,92
2013,S1,School Of Interactive & Digital Media,C70,Diploma In Digital Entertainment Technology (Games),Female,8
2013,S1,School Of Interactive & Digital Media,C70,Diploma In Digital Entertainment Technology (Games),Male,69
2013,S1,School Of Interactive & Digital Media,C61,Diploma In Digital Media Design (Animation),Female,63
2013,S1,School Of Interactive & Digital Media,C61,Diploma In Digital Media Design (Animation),Male,41
2013,S1,School Of Interactive & Digital Media,C60,Diploma In Digital Media Design (Games),Female,26
2013,S1,School Of Interactive & Digital Media,C60,Diploma In Digital Media Design (Games),Male,56
2013,S1,School Of Interactive & Digital Media,C59,Diploma In Digital Media Design (Interaction Design),Female,46
2013,S1,School Of Interactive & Digital Media,C59,Diploma In Digital Media Design (Interaction Design),Male,26
2013,S1,School Of Interactive & Digital Media,C57,Diploma In Digital Visual Effects,Female,16
2013,S1,School Of Interactive & Digital Media,C57,Diploma In Digital Visual Effects,Male,26
2013,S1,School Of Interactive & Digital Media,C66,Diploma In Motion Graphics & Broadcast Design,Female,28
2013,S1,School Of Interactive & Digital Media,C66,Diploma In Motion Graphics & Broadcast Design,Male,13
2013,S2,School Of Engineering,na,"Diploma In Electronics, Computer & Communications Engineering",Female,1
2013,S2,School Of Engineering,na,"Diploma In Electronics, Computer & Communications Engineering",Male,1
2013,S2,School Of Health Sciences,C97,Diploma In Nursing,Female,14
2013,S2,School Of Health Sciences,C97,Diploma In Nursing,Male,3
2014,S1,School Of Business Management,C98,Diploma In Accountancy & Finance,Female,89
2014,S1,School Of Business Management,C98,Diploma In Accountancy & Finance,Male,75
2014,S1,School Of Business Management,C96,Diploma In Banking & Financial Services,Female,63
2014,S1,School Of Business Management,C96,Diploma In Banking & Financial Services,Male,72
2014,S1,School Of Business Management,C94,Diploma In Business Management,Female,271
2014,S1,School Of Business Management,C94,Diploma In Business Management,Male,135
2014,S1,School Of Business Management,C46,Diploma In Food & Beverage Business,Female,38
2014,S1,School Of Business Management,C46,Diploma In Food & Beverage Business,Male,28
2014,S1,School Of Business Management,C56,Diploma In Fund Management & Administration,Female,37
2014,S1,School Of Business Management,C56,Diploma In Fund Management & Administration,Male,27
2014,S1,School Of Business Management,C67,Diploma In Hospitality & Tourism Management,Female,141
2014,S1,School Of Business Management,C67,Diploma In Hospitality & Tourism Management,Male,40
2014,S1,School Of Business Management,C99,Diploma In Marketing,Female,49
2014,S1,School Of Business Management,C99,Diploma In Marketing,Male,33
2014,S1,School Of Business Management,C93,Diploma In Mass Media Management,Female,47
2014,S1,School Of Business Management,C93,Diploma In Mass Media Management,Male,13
2014,S1,School Of Business Management,C81,Diploma In Sport & Wellness Management,Female,26
2014,S1,School Of Business Management,C81,Diploma In Sport & Wellness Management,Male,34
2014,S1,School Of Chemical & Life Sciences,C49,Diploma In Biologics & Process Technology,Female,25
2014,S1,School Of Chemical & Life Sciences,C49,Diploma In Biologics & Process Technology,Male,27
2014,S1,School Of Chemical & Life Sciences,C55,Diploma In Chemical & Green Technology,Female,22
2014,S1,School Of Chemical & Life Sciences,C55,Diploma In Chemical & Green Technology,Male,27
2014,S1,School Of Chemical & Life Sciences,C73,Diploma In Chemical & Pharmaceutical Technology,Female,71
2014,S1,School Of Chemical & Life Sciences,C73,Diploma In Chemical & Pharmaceutical Technology,Male,70
2014,S1,School Of Chemical & Life Sciences,C69,Diploma In Food Science & Nutrition,Female,68
2014,S1,School Of Chemical & Life Sciences,C69,Diploma In Food Science & Nutrition,Male,12
2014,S1,School Of Chemical & Life Sciences,C45,Diploma In Medicinal Chemistry,Female,37
2014,S1,School Of Chemical & Life Sciences,C45,Diploma In Medicinal Chemistry,Male,21
2014,S1,School Of Chemical & Life Sciences,C74,Diploma In Molecular Biotechnology,Female,39
2014,S1,School Of Chemical & Life Sciences,C74,Diploma In Molecular Biotechnology,Male,36
2014,S1,School Of Chemical & Life Sciences,C65,Diploma In Pharmaceutical Sciences,Female,56
2014,S1,School Of Chemical & Life Sciences,C65,Diploma In Pharmaceutical Sciences,Male,27
2014,S1,School Of Design,C83,Diploma In Industrial Design,Female,24
2014,S1,School Of Design,C83,Diploma In Industrial Design,Male,30
2014,S1,School Of Design,C64,Diploma In Space & Interior Design,Female,51
2014,S1,School Of Design,C64,Diploma In Space & Interior Design,Male,26
2014,S1,School Of Design,C63,Diploma In Visual Communication,Female,57
2014,S1,School Of Design,C63,Diploma In Visual Communication,Male,10
2014,S1,School Of Engineering,C42,Common Engineering Programme,Female,100
2014,S1,School Of Engineering,C42,Common Engineering Programme,Male,221
2014,S1,School Of Engineering,C51,Diploma In Aeronautical & Aerospace Technology,Female,10
2014,S1,School Of Engineering,C51,Diploma In Aeronautical & Aerospace Technology,Male,69
2014,S1,School Of Engineering,C52,Diploma In Aerospace Systems & Management,Female,18
2014,S1,School Of Engineering,C52,Diploma In Aerospace Systems & Management,Male,33
2014,S1,School Of Engineering,C71,Diploma In Biomedical Engineering,Female,40
2014,S1,School Of Engineering,C71,Diploma In Biomedical Engineering,Male,39
2014,S1,School Of Engineering,C62,Diploma In Digital & Precision Engineering,Female,38
2014,S1,School Of Engineering,C62,Diploma In Digital & Precision Engineering,Male,85
2014,S1,School Of Engineering,C48,Diploma In Electrical Engineering With Eco-Design,Female,19
2014,S1,School Of Engineering,C48,Diploma In Electrical Engineering With Eco-Design,Male,43
2014,S1,School Of Engineering,C89,"Diploma In Electronics, Computer & Communications Engineering",Female,44
2014,S1,School Of Engineering,C89,"Diploma In Electronics, Computer & Communications Engineering",Male,145
2014,S1,School Of Engineering,C41,Diploma In Engineering With Business,Female,27
2014,S1,School Of Engineering,C41,Diploma In Engineering With Business,Male,52
2014,S1,School Of Engineering,C87,Diploma In Mechatronics Engineering,Female,26
2014,S1,School Of Engineering,C87,Diploma In Mechatronics Engineering,Male,151
2014,S1,School Of Engineering,C75,Diploma In Multimedia & Infocomm Technology,Female,78
2014,S1,School Of Engineering,C75,Diploma In Multimedia & Infocomm Technology,Male,163
2014,S1,School Of Engineering,C50,Diploma In Nanotechnology & Materials Science,Female,6
2014,S1,School Of Engineering,C50,Diploma In Nanotechnology & Materials Science,Male,24
2014,S1,School Of Engineering,C53,Diploma In Telematics & Media Technology,Female,8
2014,S1,School Of Engineering,C53,Diploma In Telematics & Media Technology,Male,10
2014,S1,School Of Health Sciences,C72,Diploma In Dental Hygiene & Therapy,Female,20
2014,S1,School Of Health Sciences,C72,Diploma In Dental Hygiene & Therapy,Male,4
2014,S1,School Of Health Sciences,na,Diploma In Diagnostic Radiography,Female,32
2014,S1,School Of Health Sciences,na,Diploma In Diagnostic Radiography,Male,11
2014,S1,School Of Health Sciences,C97,Diploma In Nursing,Female,501
2014,S1,School Of Health Sciences,C97,Diploma In Nursing,Male,113
2014,S1,School Of Health Sciences,na,Diploma In Occupational Therapy,Female,53
2014,S1,School Of Health Sciences,na,Diploma In Occupational Therapy,Male,7
2014,S1,School Of Health Sciences,na,Diploma In Physiotherapy,Female,59
2014,S1,School Of Health Sciences,na,Diploma In Physiotherapy,Male,29
2014,S1,School Of Health Sciences,na,Diploma In Radiation Therapy,Female,11
2014,S1,School Of Health Sciences,na,Diploma In Radiation Therapy,Male,5
2014,S1,School Of Health Sciences,C47,Diploma In Social Sciences (Social Work),Female,37
2014,S1,School Of Health Sciences,C47,Diploma In Social Sciences (Social Work),Male,16
2014,S1,School Of Information Technology,C68,Diploma In Business Enterprise It,Female,23
2014,S1,School Of Information Technology,C68,Diploma In Business Enterprise It,Male,35
2014,S1,School Of Information Technology,C78,Diploma In Business Informatics,Female,68
2014,S1,School Of Information Technology,C78,Diploma In Business Informatics,Male,65
2014,S1,School Of Information Technology,C43,Diploma In Business Intelligence & Analytics,Female,33
2014,S1,School Of Information Technology,C43,Diploma In Business Intelligence & Analytics,Male,28
2014,S1,School Of Information Technology,C80,Diploma In Engineering Informatics,Female,43
2014,S1,School Of Information Technology,C80,Diploma In Engineering Informatics,Male,85
2014,S1,School Of Information Technology,C58,Diploma In Financial Informatics,Female,34
2014,S1,School Of Information Technology,C58,Diploma In Financial Informatics,Male,28
2014,S1,School Of Information Technology,C54,Diploma In Information Security,Female,13
2014,S1,School Of Information Technology,C54,Diploma In Information Security,Male,51
2014,S1,School Of Information Technology,C85,Diploma In Information Technology,Female,33
2014,S1,School Of Information Technology,C85,Diploma In Information Technology,Male,110
2014,S1,School Of Interactive & Digital Media,C61,Diploma In Animation,Female,53
2014,S1,School Of Interactive & Digital Media,C61,Diploma In Animation,Male,47
2014,S1,School Of Interactive & Digital Media,C60,Diploma In Digital Game Art & Design,Female,38
2014,S1,School Of Interactive & Digital Media,C60,Diploma In Digital Game Art & Design,Male,45
2014,S1,School Of Interactive & Digital Media,C57,Diploma In Digital Visual Effects,Female,11
2014,S1,School Of Interactive & Digital Media,C57,Diploma In Digital Visual Effects,Male,31
2014,S1,School Of Interactive & Digital Media,C70,Diploma In Game Development & Technology,Female,6
2014,S1,School Of Interactive & Digital Media,C70,Diploma In Game Development & Technology,Male,68
2014,S1,School Of Interactive & Digital Media,C59,Diploma In Interaction Design,Female,38
2014,S1,School Of Interactive & Digital Media,C59,Diploma In Interaction Design,Male,26
2014,S1,School Of Interactive & Digital Media,C66,Diploma In Motion Graphics & Broadcast Design,Female,25
2014,S1,School Of Interactive & Digital Media,C66,Diploma In Motion Graphics & Broadcast Design,Male,11
2014,S2,School Of Health Sciences,C97,Diploma In Nursing,Female,8
2014,S2,School Of Health Sciences,C97,Diploma In Nursing,Male,1
2015,S1,School Of Business Management,C98,Diploma In Accountancy & Finance,Female,84
2015,S1,School Of Business Management,C98,Diploma In Accountancy & Finance,Male,60
2015,S1,School Of Business Management,C96,Diploma In Banking And Finance,Female,58
2015,S1,School Of Business Management,C96,Diploma In Banking And Finance,Male,51
2015,S1,School Of Business Management,C94,Diploma In Business Management,Female,198
2015,S1,School Of Business Management,C94,Diploma In Business Management,Male,113
2015,S1,School Of Business Management,C46,Diploma In Food & Beverage Business,Female,40
2015,S1,School Of Business Management,C46,Diploma In Food & Beverage Business,Male,19
2015,S1,School Of Business Management,C56,Diploma In Fund Management & Administration,Female,27
2015,S1,School Of Business Management,C56,Diploma In Fund Management & Administration,Male,25
2015,S1,School Of Business Management,C67,Diploma In Hospitality & Tourism Management,Female,92
2015,S1,School Of Business Management,C67,Diploma In Hospitality & Tourism Management,Male,18
2015,S1,School Of Business Management,C99,Diploma In Marketing,Female,41
2015,S1,School Of Business Management,C99,Diploma In Marketing,Male,33
2015,S1,School Of Business Management,C93,Diploma In Mass Media Management,Female,44
2015,S1,School Of Business Management,C93,Diploma In Mass Media Management,Male,8
2015,S1,School Of Business Management,C81,Diploma In Sport & Wellness Management,Female,18
2015,S1,School Of Business Management,C81,Diploma In Sport & Wellness Management,Male,33
2015,S1,School Of Chemical & Life Sciences,C49,Diploma In Biologics & Process Technology,Female,28
2015,S1,School Of Chemical & Life Sciences,C49,Diploma In Biologics & Process Technology,Male,14
2015,S1,School Of Chemical & Life Sciences,C55,Diploma In Chemical & Green Technology,Female,14
2015,S1,School Of Chemical & Life Sciences,C55,Diploma In Chemical & Green Technology,Male,31
2015,S1,School Of Chemical & Life Sciences,C73,Diploma In Chemical & Pharmaceutical Technology,Female,58
2015,S1,School Of Chemical & Life Sciences,C73,Diploma In Chemical & Pharmaceutical Technology,Male,52
2015,S1,School Of Chemical & Life Sciences,C69,Diploma In Food Science & Nutrition,Female,54
2015,S1,School Of Chemical & Life Sciences,C69,Diploma In Food Science & Nutrition,Male,17
2015,S1,School Of Chemical & Life Sciences,C45,Diploma In Medicinal Chemistry,Female,27
2015,S1,School Of Chemical & Life Sciences,C45,Diploma In Medicinal Chemistry,Male,23
2015,S1,School Of Chemical & Life Sciences,C74,Diploma In Molecular Biotechnology,Female,37
2015,S1,School Of Chemical & Life Sciences,C74,Diploma In Molecular Biotechnology,Male,26
2015,S1,School Of Chemical & Life Sciences,C65,Diploma In Pharmaceutical Sciences,Female,45
2015,S1,School Of Chemical & Life Sciences,C65,Diploma In Pharmaceutical Sciences,Male,11
2015,S1,School Of Design,C83,Diploma In Industrial Design,Female,21
2015,S1,School Of Design,C83,Diploma In Industrial Design,Male,21
2015,S1,School Of Design,C64,Diploma In Space & Interior Design,Female,43
2015,S1,School Of Design,C64,Diploma In Space & Interior Design,Male,27
2015,S1,School Of Design,C63,Diploma In Visual Communication,Female,58
2015,S1,School Of Design,C63,Diploma In Visual Communication,Male,10
2015,S1,School Of Engineering,C40,Aerospace/Mechatronics Programme,Female,40
2015,S1,School Of Engineering,C40,Aerospace/Mechatronics Programme,Male,288
2015,S1,School Of Engineering,C42,Common Engineering Programme,Female,83
2015,S1,School Of Engineering,C42,Common Engineering Programme,Male,228
2015,S1,School Of Engineering,C51,Diploma In Aeronautical & Aerospace Technology,Female,3
2015,S1,School Of Engineering,C51,Diploma In Aeronautical & Aerospace Technology,Male,42
2015,S1,School Of Engineering,C52,Diploma In Aerospace Systems & Management,Female,8
2015,S1,School Of Engineering,C52,Diploma In Aerospace Systems & Management,Male,37
2015,S1,School Of Engineering,C71,Diploma In Biomedical Engineering,Female,39
2015,S1,School Of Engineering,C71,Diploma In Biomedical Engineering,Male,27
2015,S1,School Of Engineering,C62,Diploma In Digital & Precision Engineering,Female,34
2015,S1,School Of Engineering,C62,Diploma In Digital & Precision Engineering,Male,79
2015,S1,School Of Engineering,C48,Diploma In Electrical Engineering With Eco-Design,Female,16
2015,S1,School Of Engineering,C48,Diploma In Electrical Engineering With Eco-Design,Male,36
2015,S1,School Of Engineering,C89,"Diploma In Electronics, Computer & Communications Engineering",Female,45
2015,S1,School Of Engineering,C89,"Diploma In Electronics, Computer & Communications Engineering",Male,94
2015,S1,School Of Engineering,C41,Diploma In Engineering With Business,Female,30
2015,S1,School Of Engineering,C41,Diploma In Engineering With Business,Male,69
2015,S1,School Of Engineering,C87,Diploma In Mechatronics Engineering,Male,3
2015,S1,School Of Engineering,C75,Diploma In Multimedia & Infocomm Technology,Female,79
2015,S1,School Of Engineering,C75,Diploma In Multimedia & Infocomm Technology,Male,97
2015,S1,School Of Engineering,C50,Diploma In Nanotechnology & Materials Science,Female,16
2015,S1,School Of Engineering,C50,Diploma In Nanotechnology & Materials Science,Male,29
2015,S1,School Of Engineering,C53,Diploma In Telematics & Media Technology,Female,9
2015,S1,School Of Engineering,C53,Diploma In Telematics & Media Technology,Male,14
2015,S1,School Of Health Sciences,C72,Diploma In Dental Hygiene & Therapy,Female,22
2015,S1,School Of Health Sciences,C72,Diploma In Dental Hygiene & Therapy,Male,2
2015,S1,School Of Health Sciences,na,Diploma In Diagnostic Radiography,Female,45
2015,S1,School Of Health Sciences,na,Diploma In Diagnostic Radiography,Male,10
2015,S1,School Of Health Sciences,C97,Diploma In Nursing,Female,608
2015,S1,School Of Health Sciences,C97,Diploma In Nursing,Male,123
2015,S1,School Of Health Sciences,na,Diploma In Occupational Therapy,Female,49
2015,S1,School Of Health Sciences,na,Diploma In Occupational Therapy,Male,7
2015,S1,School Of Health Sciences,na,Diploma In Physiotherapy,Female,57
2015,S1,School Of Health Sciences,na,Diploma In Physiotherapy,Male,34
2015,S1,School Of Health Sciences,na,Diploma In Radiation Therapy,Female,11
2015,S1,School Of Health Sciences,na,Diploma In Radiation Therapy,Male,4
2015,S1,School Of Health Sciences,C47,Diploma In Social Sciences (Social Work),Female,38
2015,S1,School Of Health Sciences,C47,Diploma In Social Sciences (Social Work),Male,12
2015,S1,School Of Information Technology,C68,Diploma In Business Enterprise It,Female,30
2015,S1,School Of Information Technology,C68,Diploma In Business Enterprise It,Male,34
2015,S1,School Of Information Technology,C78,Diploma In Business Informatics,Female,42
2015,S1,School Of Information Technology,C78,Diploma In Business Informatics,Male,49
2015,S1,School Of Information Technology,C43,Diploma In Business Intelligence & Analytics,Female,17
2015,S1,School Of Information Technology,C43,Diploma In Business Intelligence & Analytics,Male,22
2015,S1,School Of Information Technology,C54,Diploma In Cyber Security And Forensics,Female,19
2015,S1,School Of Information Technology,C54,Diploma In Cyber Security And Forensics,Male,43
2015,S1,School Of Information Technology,C80,Diploma In Engineering Informatics,Female,36
2015,S1,School Of Information Technology,C80,Diploma In Engineering Informatics,Male,81
2015,S1,School Of Information Technology,C58,Diploma In Financial Informatics,Female,28
2015,S1,School Of Information Technology,C58,Diploma In Financial Informatics,Male,25
2015,S1,School Of Information Technology,C85,Diploma In Information Technology,Female,26
2015,S1,School Of Information Technology,C85,Diploma In Information Technology,Male,92
2015,S1,School Of Interactive & Digital Media,C61,Diploma In Animation,Female,45
2015,S1,School Of Interactive & Digital Media,C61,Diploma In Animation,Male,32
2015,S1,School Of Interactive & Digital Media,C60,Diploma In Digital Game Art & Design,Female,29
2015,S1,School Of Interactive & Digital Media,C60,Diploma In Digital Game Art & Design,Male,43
2015,S1,School Of Interactive & Digital Media,C57,Diploma In Digital Visual Effects,Female,19
2015,S1,School Of Interactive & Digital Media,C57,Diploma In Digital Visual Effects,Male,25
2015,S1,School Of Interactive & Digital Media,C70,Diploma In Game Development & Technology,Female,4
2015,S1,School Of Interactive & Digital Media,C70,Diploma In Game Development & Technology,Male,70
2015,S1,School Of Interactive & Digital Media,C59,Diploma In Interaction Design,Female,42
2015,S1,School Of Interactive & Digital Media,C59,Diploma In Interaction Design,Male,23
2015,S1,School Of Interactive & Digital Media,C66,Diploma In Motion Graphics & Broadcast Design,Female,26
2015,S1,School Of Interactive & Digital Media,C66,Diploma In Motion Graphics & Broadcast Design,Male,11
2015,S2,School Of Health Sciences,C97,Diploma In Nursing,Female,3
2015,S2,School Of Health Sciences,C97,Diploma In Nursing,Male,3
2016,S1,School Of Business Management,C98,Diploma In Accountancy & Finance,Female,83
2016,S1,School Of Business Management,C98,Diploma In Accountancy & Finance,Male,60
2016,S1,School Of Business Management,C96,Diploma In Banking And Finance,Female,56
2016,S1,School Of Business Management,C96,Diploma In Banking And Finance,Male,64
2016,S1,School Of Business Management,C94,Diploma In Business Management,Female,197
2016,S1,School Of Business Management,C94,Diploma In Business Management,Male,124
2016,S1,School Of Business Management,C46,Diploma In Food & Beverage Business,Female,37
2016,S1,School Of Business Management,C46,Diploma In Food & Beverage Business,Male,22
2016,S1,School Of Business Management,C56,Diploma In Fund Management & Administration,Female,30
2016,S1,School Of Business Management,C56,Diploma In Fund Management & Administration,Male,22
2016,S1,School Of Business Management,C67,Diploma In Hospitality & Tourism Management,Female,82
2016,S1,School Of Business Management,C67,Diploma In Hospitality & Tourism Management,Male,32
2016,S1,School Of Business Management,C99,Diploma In Marketing,Female,40
2016,S1,School Of Business Management,C99,Diploma In Marketing,Male,25
2016,S1,School Of Business Management,C93,Diploma In Mass Media Management,Female,43
2016,S1,School Of Business Management,C93,Diploma In Mass Media Management,Male,12
2016,S1,School Of Business Management,C81,Diploma In Sport & Wellness Management,Female,18
2016,S1,School Of Business Management,C81,Diploma In Sport & Wellness Management,Male,30
2016,S1,School Of Chemical & Life Sciences,C49,Diploma In Biologics & Process Technology,Female,26
2016,S1,School Of Chemical & Life Sciences,C49,Diploma In Biologics & Process Technology,Male,20
2016,S1,School Of Chemical & Life Sciences,C55,Diploma In Chemical & Green Technology,Female,17
2016,S1,School Of Chemical & Life Sciences,C55,Diploma In Chemical & Green Technology,Male,23
2016,S1,School Of Chemical & Life Sciences,C73,Diploma In Chemical & Pharmaceutical Technology,Female,51
2016,S1,School Of Chemical & Life Sciences,C73,Diploma In Chemical & Pharmaceutical Technology,Male,56
2016,S1,School Of Chemical & Life Sciences,C69,Diploma In Food Science & Nutrition,Female,43
2016,S1,School Of Chemical & Life Sciences,C69,Diploma In Food Science & Nutrition,Male,12
2016,S1,School Of Chemical & Life Sciences,C45,Diploma In Medicinal Chemistry,Female,32
2016,S1,School Of Chemical & Life Sciences,C45,Diploma In Medicinal Chemistry,Male,12
2016,S1,School Of Chemical & Life Sciences,C74,Diploma In Molecular Biotechnology,Female,36
2016,S1,School Of Chemical & Life Sciences,C74,Diploma In Molecular Biotechnology,Male,25
2016,S1,School Of Chemical & Life Sciences,C65,Diploma In Pharmaceutical Sciences,Female,39
2016,S1,School Of Chemical & Life Sciences,C65,Diploma In Pharmaceutical Sciences,Male,20
2016,S1,School Of Design,C83,Diploma In Industrial Design,Female,24
2016,S1,School Of Design,C83,Diploma In Industrial Design,Male,22
2016,S1,School Of Design,C64,Diploma In Spatial Design,Female,47
2016,S1,School Of Design,C64,Diploma In Spatial Design,Male,30
2016,S1,School Of Design,C63,Diploma In Visual Communication,Female,50
2016,S1,School Of Design,C63,Diploma In Visual Communication,Male,18
2016,S1,School Of Engineering,C39,Aerospace/ Electrical/ Electronics Programme,Female,19
2016,S1,School Of Engineering,C39,Aerospace/ Electrical/ Electronics Programme,Male,77
2016,S1,School Of Engineering,C40,Aerospace/Mechatronics Programme,Female,18
2016,S1,School Of Engineering,C40,Aerospace/Mechatronics Programme,Male,192
2016,S1,School Of Engineering,C42,Common Engineering Programme,Female,75
2016,S1,School Of Engineering,C42,Common Engineering Programme,Male,242
2016,S1,School Of Engineering,C51,Diploma In Aeronautical & Aerospace Technology,Female,1
2016,S1,School Of Engineering,C51,Diploma In Aeronautical & Aerospace Technology,Male,44
2016,S1,School Of Engineering,C52,Diploma In Aerospace Systems & Management,Female,14
2016,S1,School Of Engineering,C52,Diploma In Aerospace Systems & Management,Male,29
2016,S1,School Of Engineering,C71,Diploma In Biomedical Engineering,Female,33
2016,S1,School Of Engineering,C71,Diploma In Biomedical Engineering,Male,33
2016,S1,School Of Engineering,C62,Diploma In Digital & Precision Engineering,Female,17
2016,S1,School Of Engineering,C62,Diploma In Digital & Precision Engineering,Male,71
2016,S1,School Of Engineering,C48,Diploma In Electrical Engineering With Eco-Design,Female,14
2016,S1,School Of Engineering,C48,Diploma In Electrical Engineering With Eco-Design,Male,50
2016,S1,School Of Engineering,C89,"Diploma In Electronics, Computer & Communications Engineering",Female,29
2016,S1,School Of Engineering,C89,"Diploma In Electronics, Computer & Communications Engineering",Male,114
2016,S1,School Of Engineering,C41,Diploma In Engineering With Business,Female,28
2016,S1,School Of Engineering,C41,Diploma In Engineering With Business,Male,61
2016,S1,School Of Engineering,C87,Diploma In Mechatronics Engineering,Male,1
2016,S1,School Of Engineering,C75,Diploma In Multimedia & Infocomm Technology,Female,77
2016,S1,School Of Engineering,C75,Diploma In Multimedia & Infocomm Technology,Male,131
2016,S1,School Of Engineering,C50,Diploma In Nanotechnology & Materials Science,Female,8
2016,S1,School Of Engineering,C50,Diploma In Nanotechnology & Materials Science,Male,35
2016,S1,School Of Engineering,C53,Diploma In Telematics & Media Technology,Female,12
2016,S1,School Of Engineering,C53,Diploma In Telematics & Media Technology,Male,9
2016,S1,School Of Health Sciences,C72,Diploma In Dental Hygiene & Therapy,Female,16
2016,S1,School Of Health Sciences,C72,Diploma In Dental Hygiene & Therapy,Male,4
2016,S1,School Of Health Sciences,C97,Diploma In Nursing,Female,641
2016,S1,School Of Health Sciences,C97,Diploma In Nursing,Male,107
2016,S1,School Of Health Sciences,C47,Diploma In Social Sciences (Social Work),Female,58
2016,S1,School Of Health Sciences,C47,Diploma In Social Sciences (Social Work),Male,14
2016,S1,School Of Information Technology,C68,Diploma In Business Enterprise It,Female,19
2016,S1,School Of Information Technology,C68,Diploma In Business Enterprise It,Male,21
2016,S1,School Of Information Technology,C78,Diploma In Business Informatics,Female,46
2016,S1,School Of Information Technology,C78,Diploma In Business Informatics,Male,44
2016,S1,School Of Information Technology,C43,Diploma In Business Intelligence & Analytics,Female,15
2016,S1,School Of Information Technology,C43,Diploma In Business Intelligence & Analytics,Male,21
2016,S1,School Of Information Technology,C54,Diploma In Cyber Security And Forensics,Female,15
2016,S1,School Of Information Technology,C54,Diploma In Cyber Security And Forensics,Male,47
2016,S1,School Of Information Technology,C80,Diploma In Engineering Informatics,Female,29
2016,S1,School Of Information Technology,C80,Diploma In Engineering Informatics,Male,77
2016,S1,School Of Information Technology,C58,Diploma In Financial Informatics,Female,29
2016,S1,School Of Information Technology,C58,Diploma In Financial Informatics,Male,32
2016,S1,School Of Information Technology,C85,Diploma In Information Technology,Female,39
2016,S1,School Of Information Technology,C85,Diploma In Information Technology,Male,88
2016,S1,School Of Interactive & Digital Media,C61,Diploma In Animation,Female,59
2016,S1,School Of Interactive & Digital Media,C61,Diploma In Animation,Male,34
2016,S1,School Of Interactive & Digital Media,C60,Diploma In Digital Game Art & Design,Female,38
2016,S1,School Of Interactive & Digital Media,C60,Diploma In Digital Game Art & Design,Male,37
2016,S1,School Of Interactive & Digital Media,C57,Diploma In Digital Visual Effects,Female,17
2016,S1,School Of Interactive & Digital Media,C57,Diploma In Digital Visual Effects,Male,20
2016,S1,School Of Interactive & Digital Media,C70,Diploma In Game Development & Technology,Female,10
2016,S1,School Of Interactive & Digital Media,C70,Diploma In Game Development & Technology,Male,69
2016,S1,School Of Interactive & Digital Media,C59,Diploma In Interaction Design,Female,32
2016,S1,School Of Interactive & Digital Media,C59,Diploma In Interaction Design,Male,32
2016,S1,School Of Interactive & Digital Media,C66,Diploma In Motion Graphics & Broadcast Design,Female,29
2016,S1,School Of Interactive & Digital Media,C66,Diploma In Motion Graphics & Broadcast Design,Male,13
2016,S2,School Of Health Sciences,na,Diploma In Dental Hygiene & Therapy,Female,1
2016,S2,School Of Health Sciences,C97,Diploma In Nursing,Female,8